id,priority,category,surface,symptom,repro_command,expected,actual,owner_role,depends_on,write_scope,verification,status,evidence,notes
SBX-001,P0,runtime,rust_desktop,Rust sandbox regressed from an initially visible frame to a solid clear-only dark-blue screen on interactive launch,cargo run -p sandbox,"Window keeps showing a visible 2D scene, HUD chrome, and responds to 1/2/3 plus movement input across ongoing frames","The original black-screen regression is now resolved. The workspace includes the native-init recovery plus `GoudGame::clear()` clearing both color and depth, and both the user and a fresh bounded capture now show a stable visible Rust sandbox scene.",engine-lead,,examples/rust/sandbox/src/main.rs; goud_engine/src/sdk/game/instance/mod.rs; goud_engine/src/sdk/rendering.rs; goud_engine/src/sdk/window.rs; any minimal Rust SDK or engine files required for sandbox rendering parity,cargo check; cargo run -p sandbox; GOUD_SANDBOX_SMOKE_SECONDS=3 cargo run -p sandbox,verified,"User screenshots in thread on 2026-03-11: first a fully black Rust sandbox window, then clarified repro showing Flappy Bird assets for about one second before the window settles into a uniform dark-blue clear-only screen; later live user update on 2026-03-11: they now see the Rust sandbox scene; current repo state shows `goud_engine/src/sdk/window.rs` calling `backend.clear()` so color and depth both clear each frame; fresh bounded capture `/tmp/rust-front.png` shows the Rust sandbox window rendering the scene and HUD chrome again.","Rust still needed SBX-006 for visible text, but the frame-to-frame clear-only collapse itself is no longer the live blocker"
SBX-002,P0,text,csharp_desktop,C# sandbox HUD text renders as white rectangles / unreadable glyphs,./dev.sh --game sandbox --local,"HUD text is readable, aligned, and uses the shared sandbox font path intentionally","The FFI/C# text path no longer renders `.notdef`-style white box glyphs. `goud_renderer_draw_text` now routes through the same `TextBatch` pipeline that fixed Rust text, and fresh bounded capture shows readable HUD text.",integration-lead,,examples/csharp/sandbox/Program.cs; examples/shared/sandbox/manifest.json; any font/text-renderer files required for C# sandbox text correctness,./build.sh --core-only --host-runtime-only --skip-csharp-sdk-build; cd examples/csharp/sandbox && dotnet build -v minimal && GOUD_SANDBOX_SMOKE_SECONDS=10 DOTNET_ROLL_FORWARD=Major dotnet run --no-build with display capture,verified,2026-03-11 fresh capture after the FFI TextBatch swap: `/tmp/sandbox-full-display-after-textbatch-crop.png` shows readable C# HUD glyphs instead of the earlier white box/notdef output.,"The remaining C# work is scene/3D verification and layout polish, not broken glyph rendering."
SBX-003,P1,runtime,csharp_scene_flow,C# sandbox scene switching and control flow need real visual revalidation after text/runtime fixes,./dev.sh --game sandbox --local,"2D, 3D, and Hybrid are visible, recoverable, and controllable with 1/2/3","Latest user-led manual testing reopens this row: the second C# window can enter 3D spinning and effectively uncontrollable, so startup-mode captures are not enough to claim live scene switching parity.",integration-lead,SBX-002,examples/csharp/sandbox/Program.cs,./dev.sh --game sandbox --local; GOUD_SANDBOX_START_MODE=1/2/3 DOTNET_ROLL_FORWARD=Major dotnet run --no-build; live two-window scene switching,reopened,"2026-03-11 handoff: text misalignment remains, the top-right panel can degrade, and a second C# window in 3D can spin and lose controllability.","Keep the earlier captures as historical evidence only; fresh live multiwindow verification is required before this can return to verified."
SBX-004,P0,tooling,dev_local_run,"./dev.sh --game sandbox --local is too slow because it rebuilds, repackages, cross-builds, and republishes on every run",./dev.sh --game sandbox --local,Local sandbox reruns use a fast iteration path without forced full release packaging/publish work,"Previous flow ran cargo check, package.sh --local, build.sh --release, full workspace release build, dual-arch macOS packaging, local NuGet push, then C# restore/build/run even though `examples/csharp/sandbox/sandbox.csproj` project-references `sdks/csharp/GoudEngine.csproj` directly; current branch now uses the fast local path and only rebuilds the local core/runtime pieces needed for sandbox launch",integration-lead,,dev.sh; build.sh; package.sh; any minimal docs/help text updates tied to new flags,time ./dev.sh --game sandbox --local; verify no NuGet publish or dual-arch release packaging occurs on hot reruns unless explicitly requested,verified,"Fresh bounded run on 2026-03-11: `GOUD_SANDBOX_SMOKE_SECONDS=1 ./dev.sh --game sandbox --local` logs `Using fast local C# path for project-reference example: sandbox`, `Building the project in local core-only mode...`, host-only dylib copy, and `Skipping sdks/csharp build because the caller is using a direct project-reference fast path.` No local package publish or dual-arch build occurs on the hot path","This row is about removing package/publish churn, not eliminating all rebuild time after a full artifact clean"
SBX-005,P1,docs,public_claims,Docs/showcase/matrix currently overstate sandbox parity relative to broken live flows,"rg -n \flagship|implemented|Sandbox parity app|text_rendering|scene_switching\"" docs/src/guides/showcase.md docs/src/guides/sandbox.md .claude/specs/alpha-001-sandbox-*.md .claude/specs/alpha-001-sandbox-*.csv examples/showcase.manifest.json""",Public docs and ledgers match only verified runtime behavior,"The recovery docs now point readers at the execution CSV for live branch truth, keep Rust black-screen recovery explicit, and stop claiming Rust is missing a public text API when `GoudGame::draw_text` is present on this branch",integration-lead,SBX-001|SBX-003|SBX-006|SBX-009,docs/src/guides/sandbox.md; docs/src/guides/showcase.md; examples/showcase.manifest.json; .claude/specs/alpha-001-sandbox-spec.md; .claude/specs/alpha-001-sandbox-matrix.csv,python3 scripts/generate-showcase-docs.py --check; manual spot-check of claims vs verified rows,verified,"2026-03-11 repo update: sandbox guide/spec/showcase metadata now describe Sandbox as the shared parity target under recovery, call out that the execution CSV is the live truth source, and note that Rust interactive recovery is still open under SBX-001",Generated showcase docs were refreshed after the wording changes
SBX-006,P0,capability,rust_text_api,Rust sandbox needed a real text rendering path instead of shipping visible panels with missing HUD glyphs,"rg -n ""draw_text|TextBatch|TEXT_VERTEX_SHADER|u_viewport|font"" goud_engine/src/rendering/text goud_engine/src/sdk/rendering.rs examples/rust/sandbox/src/main.rs",Rust sandbox renders readable HUD text through a supported Rust SDK path without overclaim,"The live blocker is now resolved: Rust `GoudGame::draw_text(...)` is wired through the shared text-batch shader/viewport pipeline, and the last engine bug in that path was removed by preserving the caller VAO inside `TextBatch::end(...)` instead of forcing the backend default VAO.",engine-lead,SBX-001,examples/rust/sandbox/src/main.rs; goud_engine/src/sdk/rendering.rs; goud_engine/src/rendering/text/text_batch.rs; goud_engine/src/rendering/text/text_render_system.rs; goud_engine/src/rendering/ui_render_system.rs,"cargo check; GOUD_SANDBOX_SMOKE_SECONDS=3 cargo run -p sandbox; cargo test layout_shaped -- --nocapture; GOUD_SANDBOX_SMOKE_SECONDS=2 cargo run -p sandbox 2>&1 | rg -n ""GL error|text draw_indexed failed|state invalid|state incomplete""; rg -n ""draw_text\("" goud_engine/src/sdk/rendering.rs examples/rust/sandbox/src/main.rs",verified,"2026-03-11 verification: `goud_engine/src/sdk/rendering.rs` defines `pub fn draw_text`, `examples/rust/sandbox/src/main.rs` calls it in each HUD section, `cargo check` passes, `cargo test layout_shaped -- --nocapture` passes, prior bounded capture `/tmp/rust-front.png` showed readable HUD text, and after the follow-up fix in `goud_engine/src/rendering/text/text_batch.rs` the `GOUD_SANDBOX_SMOKE_SECONDS=2 cargo run -p sandbox 2>&1 | rg -n ""GL error|text draw_indexed failed|state invalid|state incomplete""` check returns no matches.","This closes the old 'dead Rust text API' blocker and the later VAO-clobber regression in the text path. Any remaining Rust parity work should be tracked as layout or scene-polish issues, not text-path absence."
SBX-007,P1,ci,ci_truth,Sandbox CI lane must prove the recovered desktop behavior instead of smoke-only false positives,"rg -n \sandbox-parity|sandbox-peer-smoke|GOUD_SANDBOX_START_MODE|xvfb-run\"" .github/workflows/ci.yml scripts/sandbox-peer-smoke.sh""",CI covers the real regressions the user can still see across Rust C# Python TS desktop and TS web,"The current CI lane no longer matches reality. It does not yet prove Rust 3D GL-error-free scene switching and controllability, Python 3D to 2D recovery, TS desktop 3D correctness and recovery, or TS web text and networking parity.",quality-lead,SBX-016|SBX-019|SBX-025|SBX-028|SBX-029|SBX-031|SBX-032,.github/workflows/ci.yml; scripts/sandbox-peer-smoke.sh; any new sandbox verification scripts,Run the refreshed local proof set and watch PR checks after each push,reopened,"2026-03-11 handoff: fresh manual testing contradicted several earlier verified assumptions and exposed gaps the current CI lane did not catch.","Expand CI only after the contract and runtime fixes are honest enough to encode; capability-gating must be tied to explicit blockers rather than missing tests."
SBX-008,P2,generated_docs,generated_media,Generated showcase media/docs should only be refreshed after runtime truth is recovered,python3 scripts/generate-showcase-docs.py --check,Generated docs/media match the recovered sandbox behavior and descriptions,Showcase docs and the generated examples README were refreshed after the wording changes. The docs check script still reports unrelated tracked drift in generated TypeScript native files outside the sandbox docs scope.,integration-lead,SBX-005,examples/showcase.manifest.json; docs/src/generated/showcase/*; docs/src/guides/showcase.md; examples/README.md; scripts/generate-showcase-docs.py,python3 scripts/generate-showcase-docs.py; python3 scripts/generate-showcase-docs.py --check,verified,2026-03-11: `python3 scripts/generate-showcase-docs.py` regenerated `docs/src/guides/showcase.md` and `examples/README.md`; `python3 scripts/generate-showcase-docs.py --check` passes,`bash scripts/check-generated-artifacts.sh --docs` is still noisy because it reports unrelated tracked drift in `sdks/typescript/native/src/*.g.rs` alongside the docs diff
SBX-013,P1,layout,csharp_hud_layout,C# sandbox 2D HUD text still overlaps and reads as cramped even after the white-box glyph fix,GOUD_SANDBOX_START_MODE=1 DOTNET_ROLL_FORWARD=Major dotnet run --no-build,"Overview, status, and next-step panels are comfortably readable at 1280x720 with no overlapping lines or clipped copy","Latest manual runs still show C# text landing in the wrong top-left region and incomplete status content. The top-right panel can appear effectively empty except for blue bars, and the fresh root-cause audit now points at the shared native desktop text viewport/state path rather than a C#-only layout bug.",integration-lead,SBX-002|SBX-037|SBX-038,examples/csharp/sandbox/Program.cs; examples/shared/sandbox/manifest.json; goud_engine/src/ffi/renderer/text/*,GOUD_SANDBOX_START_MODE=1 DOTNET_ROLL_FORWARD=Major dotnet run --no-build with fresh bounded and live evidence,reopened,"2026-03-11 handoff: C# still shows text misalignment and the top-right box can become effectively empty with blue bars. 2026-03-11 recovery audit: C# shares the broken native desktop text placement path with Python and TS desktop.","Keep this row separate from SBX-003 and SBX-022 so layout regressions do not hide inside control-flow failures; track the shared renderer root cause under SBX-037 and SBX-038."
SBX-014,P1,runtime,csharp_hybrid_composition,C# sandbox Hybrid startup mode collapses to the same 3D-only view instead of showing combined 2D + 3D content plus HUD,GOUD_SANDBOX_START_MODE=3 DOTNET_ROLL_FORWARD=Major dotnet run --no-build,Hybrid mode shows the 3D cube/plane together with the 2D bird/HUD overlays and remains visually distinct from pure 3D mode,"The C# example pass strengthened the Hybrid overlay/background contribution and 2D sprite presence. Fresh Hybrid evidence is now visually distinct from pure 3D instead of collapsing into the same dark scene.",integration-lead,SBX-003,examples/csharp/sandbox/Program.cs,GOUD_SANDBOX_START_MODE=3 DOTNET_ROLL_FORWARD=Major dotnet run --no-build with captured evidence,verified,"Fresh 2026-03-11 captures: `/tmp/csharp-mode2-after-fix.png` vs `/tmp/csharp-mode3-after-fix.png` show Hybrid retaining the 2D background/tint/sprite composition instead of matching the pure 3D frame.",This row is closed by the example-level composition fix; remaining 3D quality issues stay tracked under SBX-015.
SBX-015,P1,rendering,csharp_3d_texture_material,C# sandbox 3D and Hybrid modes do not render the shared textured cube/plane correctly,GOUD_SANDBOX_START_MODE=2 DOTNET_ROLL_FORWARD=Major dotnet run --no-build,"3D and Hybrid modes use the shared sandbox texture asset with a sane visible material, not black/garbled surfaces or a hidden fallback mismatch","The old texture/material collapse is resolved. Fresh sandbox captures show stable geometry in pure 3D and Hybrid, and the shared manifest points `assets.texture3d` at `examples/shared/sandbox/textures/default_grey.png`, so the muted grey material is expected rather than evidence of a broken texture bridge.",integration-lead,SBX-003,goud_engine/src/sdk/game/instance/mod.rs; goud_engine/src/sdk/rendering_3d.rs; goud_engine/src/ffi/renderer3d/environment.rs; goud_engine/src/libs/graphics/renderer3d/render.rs; examples/csharp/sandbox/Program.cs,./build.sh --core-only --host-runtime-only --skip-csharp-sdk-build; cd examples/csharp/sandbox && GOUD_SANDBOX_SMOKE_SECONDS=6 GOUD_SANDBOX_START_MODE=2 DOTNET_ROLL_FORWARD=Major dotnet run --no-build; GOUD_SANDBOX_SMOKE_SECONDS=6 GOUD_SANDBOX_START_MODE=3 DOTNET_ROLL_FORWARD=Major dotnet run --no-build,verified,"Fresh 2026-03-11 sandbox captures `/tmp/csharp-mode2-after-fix.png` and `/tmp/csharp-mode3-after-fix.png` show stable 3D geometry and distinct mode composition again; the shared manifest points `assets.texture3d` at `examples/shared/sandbox/textures/default_grey.png`, which is a flat grey texture and matches the visible material in both the sandbox and `/tmp/csharp-3d-cube-only-crop.png`.","Keep future complaints about 3D richness separate from this row unless the shared manifest asset itself changes. The remaining open issue is live in-session scene-switch proof under SBX-003, not a broken 3D texture bridge."
SBX-016,P0,contract,shared_parity_contract,Shared sandbox behavior still drifts across runtimes even though the assets come from one manifest,"cargo run -p sandbox; ./dev.sh --game sandbox --local; ./dev.sh --sdk python --game sandbox; ./dev.sh --sdk typescript --game sandbox; ./dev.sh --sdk typescript --game sandbox_web","One canonical contract defines scene labels HUD panels controls feature probes network rows and next-step copy for every runtime","This branch now adds `examples/shared/sandbox/contract.json` and wires the Python TypeScript and C# sandboxes to consume shared overview items status-row order and next-step schema, but row formatting layout geometry and some runtime-specific copy are still drifting and Rust still does not consume the stronger contract directly. Full visual parity is not re-verified yet.",integration-lead,,examples/shared/sandbox/manifest.json; examples/shared/sandbox/*.json; any generated parity contract consumers,Launch every runtime and compare it against the shared contract artifact rather than language-specific strings,in_progress,"2026-03-11 local implementation: new shared contract artifact plus non-Rust runtime loaders now consume it for overview/status/next-step content. 2026-03-11 audit follow-up: shared row IDs alone are not enough yet because layout geometry and some rendered status text still differ by runtime.","Use this row for the contract artifact itself; track geometry and runtime-specific layout drift separately under SBX-035 and the runtime rows."
SBX-017,P0,copy,rust_copy_parity,Rust sandbox HUD copy and scene labels diverge from the shared contract and the other runtimes,cargo run -p sandbox,"Rust presents the same overview status diagnostics and next-step copy as the shared contract","Latest manual testing says Rust copy and visible text content still differ from the other sandboxes despite using the same asset pack.",engine-lead,SBX-016,examples/rust/sandbox/src/main.rs; examples/shared/sandbox/manifest.json; any Rust-side shared contract loader,Compare Rust HUD strings and scene labels against the shared contract after each scene switch,open,"2026-03-11 handoff: Rust text content is still not the same as the other sandboxes.","Treat copy drift as a parity failure even if rendering technically succeeds."
SBX-018,P0,layout,rust_text_layout,Rust sandbox text alignment and panel layout remain visibly misaligned,cargo run -p sandbox,"Rust panel geometry and text wrapping match the shared contract and the desktop reference layout","Latest manual testing still shows Rust text misalignment and panel fill differences.",engine-lead,SBX-016,examples/rust/sandbox/src/main.rs; goud_engine/src/rendering/text/*; goud_engine/src/rendering/ui_render_system.rs; any sandbox layout helpers,cargo run -p sandbox; cargo test layout_shaped -- --nocapture; compare captured layout against the shared contract,open,"2026-03-11 handoff: Rust text is still misaligned and panels are filled differently.","This is separate from SBX-006. The text path exists; the remaining bug is parity of layout and panel geometry."
SBX-019,P0,rendering,rust_line_width_gl_error,Pressing 2 in Rust sandbox triggers repeated GL error 0x501 after set_line_width,cargo run -p sandbox and press 2,"Rust enters 3D without GL errors on macOS core profile and without degrading later scene switches","Latest manual testing reports repeated `GL error 0x501 after set_line_width` from `goud_engine/src/libs/graphics/backend/opengl/state.rs` when switching into 3D.",engine-lead,,goud_engine/src/libs/graphics/backend/opengl/state.rs; relevant renderer3d and grid rendering files,"cargo run -p sandbox; press 2; capture stderr; confirm the error is gone after 1 -> 2 -> 1 -> 3 -> 1",open,"2026-03-11 handoff points at `set_line_width` on macOS core profile as the likely root cause.","Remove or gate the unsupported line-width path instead of ignoring the error."
SBX-020,P0,performance,rust_input_network_cadence,Rust sandbox movement and peer updates feel visibly slower and laggier than C#,cargo run -p sandbox alongside ./dev.sh --game sandbox --local,"Rust movement responsiveness and remote peer motion are comparable to the C# sandbox under the same localhost setup","Latest manual testing says Rust is visibly slower than C# and multiplayer lag is worse, which means runtime behavior is still not aligned.",engine-lead,SBX-016,examples/rust/sandbox/src/main.rs; goud_engine/src/sdk/game/*; any native networking cadence files,"Side-by-side Rust vs C# run; compare local motion and peer motion; run loopback peer tests after cadence fixes",open,"2026-03-11 handoff: Rust movement is slow and multiplayer lags badly compared with C#.","Profile update cadence and state replication before changing copy or visuals again."
SBX-021,P0,runtime,rust_multiwindow_focus,Rust multiwindow 3D mode can spin and lose controllability,cargo run -p sandbox with a second local instance,"Rust remains controllable after 2D to 3D to 2D transitions in multiwindow localhost runs","Latest manual testing says the second Rust window entering 3D can spin and become effectively uncontrollable.",engine-lead,SBX-019,examples/rust/sandbox/src/main.rs; any window focus input routing and sandbox state-reset code,"Rust 1 -> 2 -> 1 -> 3 -> 1 in two windows without stuck rotation or lost input focus",open,"2026-03-11 handoff: second window entering 3D can spin and lose controllability.","Audit scene-transition state reset and input ownership in multiwindow mode."
SBX-022,P0,runtime,csharp_3d_focus,C# second window can enter 3D spinning and uncontrollable,./dev.sh --game sandbox --local with two windows,"C# window 2 remains controllable in 3D and after returning to 2D or Hybrid","C# sandbox camera rotation is now fixed per scene instead of continuously spinning with frame time, which removes one concrete source of uncontrollable 3D motion. Live two-window manual proof is still pending.",integration-lead,SBX-003,examples/csharp/sandbox/Program.cs; any shared sandbox state helpers,Run two C# sandbox instances and verify both remain controllable through 1 -> 2 -> 1 -> 3 -> 1,in_progress,"2026-03-11 local implementation: `Program.cs` now uses a fixed 3D camera rotation while preserving cube animation.","Keep this separate from panel layout so live control regressions stay visible."
SBX-023,P0,layout,csharp_status_panel_completeness,C# top-right status panel can become effectively empty and misaligned,./dev.sh --game sandbox --local,"The top-right panel always shows the full shared status rows with stable alignment and readable copy","C# now builds the top-right panel from the shared contract status-row order and constrains each row to the panel width instead of relying on ad hoc strings with no max width. Fresh live visual proof is still pending.",integration-lead,SBX-016,examples/csharp/sandbox/Program.cs; examples/shared/sandbox/manifest.json; any shared HUD helpers,Fresh bounded and live C# runs with panel-content diff against the shared contract,in_progress,"2026-03-11 local implementation: `Program.cs` consumes shared status rows from `contract.json` and draws them with an explicit max width.","Do not close this with a static screenshot unless the shared status rows are present during real interaction."
SBX-024,P0,tooling,python_rebuild_churn,Repeated Python sandbox launches still rebuild unchanged native artifacts,./dev.sh --sdk python --game sandbox,"Repeated no-code-change Python runs reuse unchanged core artifacts and start quickly","`dev.sh` now skips the release Python native rebuild when the shared library artifact is fresher than the Rust sources, and it exports a full library filename for Python instead of only a directory path. The first run after source changes still rebuilds as expected.",integration-lead,,dev.sh; build.sh; package.sh; sdks/python/*; any runtime packaging helpers,Time two consecutive unchanged Python sandbox launches and inspect which build steps still run,in_progress,"2026-03-11 local verification: a second Python sandbox run prints `Skipping native rebuild; release Python artifact is fresh.` and the example now normalizes `GOUD_ENGINE_LIB` when CI passes a directory such as `target/debug`.","TypeScript hot-path skips landed in the same launcher file but still need a clean sequential rerun after the first post-change build."
SBX-025,P0,runtime,python_scene_recovery,Python sandbox goes blank when switching from 3D back to 2D,./dev.sh --sdk python --game sandbox,"Python recovers cleanly through 1 -> 2 -> 1 without a blank scene","Python now brackets 3D rendering with `enable_depth_test()` and `disable_depth_test()` and separates 2D versus Hybrid composition so the 2D pass does not inherit stale 3D state. Manual mode-switch proof is still pending.",integration-lead,SBX-016,examples/python/sandbox*; sdks/python/*; any shared sandbox state helpers,Run Python 1 -> 2 -> 1 -> 3 -> 1 and capture the return path,in_progress,"2026-03-11 local implementation: `examples/python/sandbox.py` now uses explicit depth-test bracketing and C#-style Hybrid composition.","Treat scene recovery separately from layout so fixes can be proven independently."
SBX-026,P1,layout,python_copy_layout,Python sandbox still diverges in text alignment panel fill and copy,./dev.sh --sdk python --game sandbox,"Python matches the shared contract for copy panel ordering and text wrapping","Python now loads shared overview items status-row order and next-step schema from `examples/shared/sandbox/contract.json`, but fresh audit shows the desktop HUD is still gated by the same native text viewport/state bugs as C#. Copy parity alone did not fix placement or panel fill.",integration-lead,SBX-016|SBX-037|SBX-038,examples/python/sandbox*; examples/shared/sandbox/manifest.json; goud_engine/src/ffi/renderer/text/*; any Python shared contract loader,Compare Python HUD output against the shared contract and the C# reference after each mode switch,reopened,"2026-03-11 local implementation: `examples/python/sandbox.py` consumes the shared contract artifact for copy and row ordering. 2026-03-11 recovery audit: Python shares the broken native desktop top-left text placement and AGX-adjacent text churn symptoms with other FFI consumers.","Track the shared native renderer root cause under SBX-037 and SBX-038; keep this row focused on Python-visible parity once the shared path is fixed."
SBX-027,P1,runtime,python_agx_stability,Python sandbox still hits macOS AGX footprint or runtime stability limits,./dev.sh --sdk python --game sandbox,"Python launches and switches scenes on macOS without AGX footprint failures","Latest user testing says the AGX footprint limit still appears on the Python path.",integration-lead,SBX-025,examples/python/sandbox*; any shader or runtime capability-gating files,Launch Python sandbox on macOS and verify stable mode switching without AGX-related failure output,open,"2026-03-11 handoff: AGX footprint limit also appears on Python.","Record the exact renderer or shader blocker if this cannot be fully removed."
SBX-028,P0,rendering,ts_desktop_3d_black_boxes,TypeScript desktop 3D renders black boxes instead of the intended shared scene,./dev.sh --sdk typescript --game sandbox,"TS desktop 3D renders the intended cube plane and shared HUD rather than black placeholder geometry","TypeScript desktop now adds the same three-light setup as the C# sandbox and stops hiding Hybrid behind an opaque full-screen 2D pass. Full desktop visual verification is still pending.",integration-lead,SBX-016,examples/typescript/sandbox*; sdks/typescript/*; any native renderer bindings,Run TS desktop in mode 2 and verify the shared 3D scene renders correctly on the current branch,in_progress,"2026-03-11 local implementation: `examples/typescript/sandbox/sandbox.ts` now creates lights for the 3D scene and uses a C#-style Hybrid composition path.","Keep renderer correctness separate from the 3D to 2D recovery bug."
SBX-029,P0,runtime,ts_desktop_scene_recovery,TypeScript desktop breaks after switching from 3D back to 2D,./dev.sh --sdk typescript --game sandbox,"TS desktop survives 1 -> 2 -> 1 and 1 -> 3 -> 1 without blank or wedged state","TypeScript desktop now brackets `render3D()` with explicit depth-test enable and disable calls and uses a fixed scene camera instead of continuously spinning it. Full manual mode-switch verification is still pending.",integration-lead,SBX-028,examples/typescript/sandbox*; sdks/typescript/*; any scene-switch state code,Run TS desktop through 1 -> 2 -> 1 -> 3 -> 1 and verify full recovery,in_progress,"2026-03-11 local implementation: `examples/typescript/sandbox/sandbox.ts` now restores 2D state after 3D rendering and removes camera spin as a confounder.","Do not close this from startup-mode-only evidence."
SBX-030,P1,layout,ts_desktop_copy_layout,TypeScript desktop still diverges in HUD alignment panel fill and copy,./dev.sh --sdk typescript --game sandbox,"TS desktop matches the shared contract for panel ordering copy and text layout","TypeScript desktop now consumes shared overview items status-row order and next-step schema from `contract.json`, but fresh audit shows the desktop HUD is still gated by the same native text viewport/state bugs as C# and Python. Contract-driven copy alone did not fix placement or panel fill.",integration-lead,SBX-016|SBX-037|SBX-038,examples/typescript/sandbox*; examples/shared/sandbox/manifest.json; goud_engine/src/ffi/renderer/text/*; any TS shared contract loader,Compare TS desktop HUD output against the shared contract after each scene change,reopened,"2026-03-11 local implementation: `examples/typescript/sandbox/sandbox.ts` now renders contract-driven status and next-step rows. 2026-03-11 recovery audit: TS desktop shares the broken native desktop top-left text placement and AGX-adjacent text churn symptoms with the other FFI consumers.","Keep this separate from the AGX and scene-recovery rows, but track the shared renderer root cause under SBX-037 and SBX-038."
SBX-031,P0,layout,ts_web_text_garbling,TypeScript web text is still garbled or misaligned,./dev.sh --sdk typescript --game sandbox_web,"TS web text is readable aligned and faithful to the shared contract","The web sandbox now consumes the same reduced shared overview/status/next-step contract as desktop instead of emitting a separate larger set of strings. Actual browser text readability still needs manual verification.",integration-lead,SBX-016,examples/typescript/sandbox_web*; sdks/typescript/*; any WASM text or layout files,Run the web sandbox and compare the visible text against the shared contract,in_progress,"2026-03-11 local implementation: web and desktop now share the same contract-driven HUD row set.","Do not accept extra text volume as parity if readability and alignment are wrong."
SBX-032,P0,networking,ts_web_networking_parity,TypeScript web still lacks real networking parity,./dev.sh --sdk typescript --game sandbox_web,"TS web either participates in real browser-safe networking parity or reports a concrete technical blocker with explicit gated copy","The web sandbox now supports a real WebSocket client path when `?ws=ws://host:port` is provided and otherwise reports the precise blocker that browser hosting/listening is unavailable without a bridge. End-to-end parity proof with a sandbox bridge is still pending.",integration-lead,SBX-016,examples/typescript/sandbox_web*; sdks/typescript/*; any browser networking bridge or capability-gating code,Produce a real browser networking proof or a blocker report with exact technical limits and the minimal gated copy,in_progress,"2026-03-11 local implementation: `web/index.html` now creates a `WebSocketNetworkState` when a websocket URL is provided and uses blocker-driven copy otherwise.","If parity is impossible keep the networking panel honest and document the blocker precisely."
SBX-033,P0,rendering,ts_web_3d_support,TypeScript web 3D still does not work at all,./dev.sh --sdk typescript --game sandbox_web,"TS web renders the shared 3D scene or records an explicit browser-safe blocker with minimal capability-gating","The current web sandbox still hard-gates 3D in app code by setting `canRender3d` only for the desktop target, so browser 3D parity is blocked before renderer capability is actually probed. The explicit blocker copy path exists, but real browser 3D proof is still pending.",integration-lead,SBX-016,examples/typescript/sandbox_web*; examples/typescript/sandbox/sandbox.ts; sdks/typescript/*; any web renderer capability checks,Run the web sandbox in 3D mode and either prove it works or document the exact blocker,in_progress,"2026-03-11 audit: `examples/typescript/sandbox/sandbox.ts` sets `this.canRender3d = this.target === 'desktop'`, while `web/index.html` only surfaces blocker text after initialization failures.","Capability-gating is acceptable only after investigation produces a concrete blocker report, not as a permanent target-based hard gate."
SBX-034,P0,ci,parity_recovery_proof,The next recovery batch needs CI and local proof that match the user-visible bugs,"cargo check; cargo test layout_shaped -- --nocapture; python3 sdks/python/test_bindings.py; python3 sdks/python/test_network_loopback.py; dotnet test sdks/csharp.tests/GoudEngine.Tests.csproj -v minimal; cd sdks/typescript && npm test","CI and the local proof set catch the regressions the user can still reproduce","The current proof set is stale relative to the latest manual findings, especially the newly isolated native desktop text viewport/state bugs and the stronger shared contract requirements, and must be rebuilt around the reopened rows before more closeout claims are made.",quality-lead,SBX-007|SBX-019|SBX-020|SBX-021|SBX-022|SBX-023|SBX-024|SBX-025|SBX-027|SBX-028|SBX-029|SBX-031|SBX-032|SBX-033|SBX-035|SBX-037|SBX-038,.github/workflows/ci.yml; scripts/sandbox-peer-smoke.sh; any new parity verification scripts,Run the full handoff proof matrix and keep PR checks aligned with what the user actually sees,open,"2026-03-11 handoff adds concrete proof requirements for Rust mode switching C# live scene control Python recovery TS desktop recovery and TS web text or networking. 2026-03-11 recovery audit adds explicit proof requirements for C#/Python/TS desktop text placement, Rust shared wrapping parity, and AGX disappearance on native desktop startup and first 1 -> 2 -> 1 cycle.","This row is the quality gate for the second audit batch and should remain open until the refreshed proof is in place."
SBX-035,P0,contract,shared_panel_geometry,Shared sandbox panel geometry and typography still drift across runtimes even when copy comes from one contract,"cargo run -p sandbox; ./dev.sh --game sandbox --local; ./dev.sh --sdk python --game sandbox; ./dev.sh --sdk typescript --game sandbox","One canonical artifact defines panel rectangles text anchors badge placement max text widths type sizes and line spacing so every runtime renders the same layout","Fresh audit shows the current contract is still too weak: Rust and C# use one panel geometry set while Python and TypeScript still use another, `overview_text` and `next_text` do not define explicit max widths, typography sizes and line advances still live in code per runtime, and Rust still applies manual HUD wrapping before the shared text layout engine sees the full strings.",integration-lead,SBX-016,examples/shared/sandbox/*.json; examples/rust/sandbox/src/main.rs; examples/csharp/sandbox/Program.cs; examples/python/sandbox.py; examples/typescript/sandbox/sandbox.ts,Compare the visible panel rectangles text anchors max text widths type ramp and line spacing in every runtime against one shared layout artifact after each scene switch,open,"2026-03-11 audit: Rust and C# draw top panels at roughly 332/192 with 620x318 and 520x318 boxes plus a 1168x182 bottom panel, while Python and TypeScript still use 250/156 with 420x228 and 500x228 boxes plus a 1180x140 bottom panel. The contract is also missing explicit `overview_text.max_width`, `next_text.max_width`, and a shared typography block, while Rust still uses manual `append_wrapped`/`wrap_for_hud` behavior before the engine text layout path.","Do not claim visual parity from shared strings alone; strengthen the contract and remove per-runtime text math after the shared native text helper stops lying about coordinates."
SBX-036,P1,tooling,dev_fast_path_duplicate_compile,Local sandbox fast paths still compile the Rust core twice before launch,./dev.sh --game sandbox --local,"Repeated local sandbox runs avoid redundant compile passes when nothing relevant changed","Fresh user transcript shows `./dev.sh --game sandbox --local` still runs `cargo check` in `dev.sh` and then `cargo build -p goud-engine-core` again through `build.sh --local --core-only`, so the fast path is still slower than it should be.",integration-lead,SBX-004,dev.sh; build.sh; any shared launcher helpers,Run repeated unchanged local launches and verify the fast path no longer performs a redundant check-plus-build pair,open,"2026-03-11 user transcript: `./dev.sh --game sandbox --local` compiled `goud-engine-core` once for `cargo check` and again for the core-only local build before the C# example started.","Keep package/publish churn separate from duplicate compile churn so both issues stay visible."
SBX-037,P0,rendering,desktop_ffi_text_viewport_mismatch,Native desktop FFI text converts positions against framebuffer size instead of logical window size on HiDPI displays,./dev.sh --game sandbox --local or ./dev.sh --sdk python --game sandbox or ./dev.sh --sdk typescript --game sandbox,"C# Python and TS desktop place shared HUD text inside the intended panels at logical window coordinates while `glViewport` still uses framebuffer size","Fresh audit shows `goud_engine/src/ffi/renderer/text/draw_impl.rs` feeds `TextBatch::end(...)` the framebuffer size, so Retina/native desktop text is anchored against physical pixels while the shared panel geometry is authored in logical window coordinates.",engine-lead,SBX-013|SBX-026|SBX-030,goud_engine/src/rendering/text/*; goud_engine/src/sdk/rendering/immediate/draw.rs; goud_engine/src/ffi/renderer/text/*; any engine text-render regression tests,cargo check; cargo test layout_shaped -- --nocapture; add a regression that proves desktop text placement uses logical window size rather than framebuffer size; rerun native desktop sandboxes on a HiDPI display,open,"2026-03-11 recovery audit: `goud_engine/src/sdk/rendering/immediate/draw.rs` already uses `get_window_size()` for text viewport math while `goud_engine/src/ffi/renderer/text/draw_impl.rs` still uses `get_framebuffer_size()`, matching the shared top-left desktop misplacement seen in C#, Python, and TS desktop.","Fix the shared helper first, then let the language-specific rows verify visible parity."
SBX-038,P0,rendering,desktop_ffi_text_shader_state_churn_agx,Native desktop FFI text recreates text batch or shader state on every `draw_text` call and likely amplifies macOS AGX compiled-variant churn,./dev.sh --game sandbox --local or ./dev.sh --sdk python --game sandbox,"Native desktop text reuses persistent per-context text render state, binds a known VAO, and no longer emits `AGX: exceeded compiled variants footprint limit` during 2D startup or the first 1 -> 2 -> 1 cycle","Fresh audit shows `goud_engine/src/ffi/renderer/text/draw_impl.rs` builds a new `TextBatch` for every call, which can recreate shader or buffer state repeatedly and leaves FFI text dependent on whichever VAO the previous path happened to bind.",engine-lead,SBX-027|SBX-037,goud_engine/src/ffi/context/*; goud_engine/src/ffi/renderer/text/*; goud_engine/src/rendering/text/*; any native desktop text-state regression tests,cargo check; add a regression that proves repeated FFI `draw_text` calls reuse shader state instead of recreating it; rerun native desktop sandboxes and confirm the AGX footprint warning disappears from startup and first 1 -> 2 -> 1 logs,open,"2026-03-11 recovery audit: the current FFI text path still instantiates `TextBatch::new()` inside each draw and relies on ambient VAO state, which matches the AGX suspicion and the desktop-only text instability pattern.","Route Rust SDK and FFI text through the same shared helper so native desktop runtimes stop carrying separate text pipelines."
